media_type,tmdb_id,title,year,runtime,genres,overview
movie,278,The Shawshank Redemption,1994,142,Drama|Crime,"A banker sentenced to life in prison forms an unlikely friendship and quietly holds on to hope."
movie,238,The Godfather,1972,175,Drama|Crime,"The aging head of a crime family hands control of his empire to his reluctant youngest son."
movie,155,The Dark Knight,2008,152,Action|Crime|Drama|Thriller,"Batman faces the Joker, a criminal who wants to prove that anyone can be pushed into chaos."
movie,680,Pulp Fiction,1994,154,Crime|Thriller,"Hitmen, a boxer, and a pair of diner robbers cross paths in interlocking Los Angeles stories."
movie,13,Forrest Gump,1994,142,Comedy|Drama|Romance,"A kind-hearted man drifts through decades of American history while never forgetting his first love."
movie,603,The Matrix,1999,136,Action|Science Fiction,"A hacker learns that his everyday world is a simulation and joins a rebellion against the machines."
movie,27205,Inception,2010,148,Action|Science Fiction|Adventure,"A thief who steals secrets from dreams is hired to plant an idea instead."
movie,157336,Interstellar,2014,169,Adventure|Drama|Science Fiction,"Explorers travel through a wormhole to find a new home for humanity as Earth fails."
movie,120,The Lord of the Rings: The Fellowship of the Ring,2001,179,Adventure|Fantasy|Action,"A humble hobbit sets out with eight companions to destroy a dangerous ring."
movie,11,Star Wars,1977,121,Adventure|Action|Science Fiction,"A farm boy joins a rebel princess, a smuggler, and an old Jedi to fight a galactic empire."
movie,105,Back to the Future,1985,116,Adventure|Comedy|Science Fiction,"A teenager accidentally travels to 1955 and must make sure his parents fall in love."
movie,597,Titanic,1997,194,Drama|Romance,"Two young people from different worlds fall in love aboard a doomed ocean liner."
movie,862,Toy Story,1995,81,Animation|Adventure|Family|Comedy,"A cowboy doll feels threatened when a flashy new space-ranger toy becomes the favorite."
movie,12,Finding Nemo,2003,100,Animation|Family|Comedy,"An anxious clownfish crosses the ocean to rescue his son."
movie,129,Spirited Away,2001,125,Animation|Family|Fantasy,"A girl trapped in a world of spirits works at a bathhouse to free herself and her parents."
movie,150540,Inside Out,2015,95,Animation|Family|Comedy|Drama,"The emotions inside a young girl's head struggle to guide her through a big move."
movie,354912,Coco,2017,105,Animation|Family|Fantasy|Music,"A boy who dreams of music journeys into the Land of the Dead to uncover his family history."
movie,324857,Spider-Man: Into the Spider-Verse,2018,117,Animation|Action|Adventure|Science Fiction,"Teen Miles Morales becomes Spider-Man and meets other Spider-People from parallel worlds."
movie,569094,Spider-Man: Across the Spider-Verse,2023,140,Animation|Action|Adventure|Science Fiction,"Miles is swept across the multiverse and clashes with a society of Spider-People."
movie,496243,Parasite,2019,133,Comedy|Thriller|Drama,"A struggling family schemes its way into jobs with a wealthy household, with shocking results."
movie,545611,Everything Everywhere All at Once,2022,139,Action|Adventure|Science Fiction|Comedy,"An overwhelmed laundromat owner must connect with versions of herself across the multiverse."
movie,438631,Dune,2021,155,Science Fiction|Adventure,"A noble family takes control of a desert planet that holds the most valuable resource in the universe."
movie,693134,Dune: Part Two,2024,167,Science Fiction|Adventure,"Paul Atreides unites with the Fremen while seeking revenge against those who destroyed his family."
movie,872585,Oppenheimer,2023,181,Drama|History,"The story of the physicist who led the project to build the first atomic bomb."
movie,346698,Barbie,2023,114,Comedy|Adventure|Fantasy,"Barbie leaves her perfect plastic world and discovers the complicated real world."
movie,299534,Avengers: Endgame,2019,181,Adventure|Science Fiction|Action,"The surviving Avengers attempt one last plan to undo a devastating loss."
movie,24428,The Avengers,2012,143,Science Fiction|Action|Adventure,"Earth's mightiest heroes must learn to work together to stop an alien invasion."
movie,424,Schindler's List,1993,195,Drama|History|War,"A German businessman saves more than a thousand Jewish refugees during the Holocaust."
movie,19995,Avatar,2009,162,Action|Adventure|Fantasy|Science Fiction,"A paralyzed marine on an alien moon is torn between his orders and the people he comes to love."
movie,329,Jurassic Park,1993,127,Adventure|Science Fiction,"A theme park of cloned dinosaurs goes terribly wrong during a preview tour."
movie,578,Jaws,1975,124,Horror|Thriller|Adventure,"A police chief, a scientist, and a sailor hunt a giant shark terrorizing a beach town."
movie,694,The Shining,1980,144,Horror|Thriller,"A writer's family spends the winter caretaking an isolated hotel that slowly drives him mad."
movie,419430,Get Out,2017,104,Mystery|Thriller|Horror,"A young man's visit to his girlfriend's family turns into something deeply sinister."
movie,447332,A Quiet Place,2018,91,Horror|Drama|Science Fiction,"A family must live in silence to hide from creatures that hunt by sound."
movie,274,The Silence of the Lambs,1991,119,Crime|Drama|Thriller,"An FBI trainee seeks help from an imprisoned killer to catch another murderer."
movie,807,Se7en,1995,127,Crime|Mystery|Thriller,"Two detectives track a killer whose crimes are based on the seven deadly sins."
movie,194,Amélie,2001,122,Comedy|Romance,"A shy Parisian waitress secretly improves the lives of the people around her."
movie,313369,La La Land,2016,129,Comedy|Drama|Romance|Music,"A jazz pianist and an aspiring actress fall in love while chasing their dreams in Los Angeles."
movie,4348,Pride & Prejudice,2005,129,Drama|Romance,"Elizabeth Bennet and the proud Mr. Darcy clash before discovering their feelings."
movie,9377,Ferris Bueller's Day Off,1986,103,Comedy,"A charming high schooler skips school for an unforgettable day in Chicago."
movie,8363,Superbad,2007,113,Comedy,"Two awkward best friends try to make one wild party count before graduation."
movie,120467,The Grand Budapest Hotel,2014,100,Comedy|Drama,"A legendary hotel concierge and his lobby boy are pulled into a stolen-painting caper."
movie,115,The Big Lebowski,1998,117,Comedy|Crime,"A laid-back bowler is mistaken for a millionaire and dragged into a kidnapping plot."
movie,546554,Knives Out,2019,131,Comedy|Crime|Mystery,"A detective investigates the death of a wealthy novelist surrounded by suspicious relatives."
movie,76341,Mad Max: Fury Road,2015,121,Action|Adventure|Science Fiction,"A drifter and a rebel warrior race across the desert to escape a tyrant."
movie,245891,John Wick,2014,101,Action|Thriller,"A retired hitman returns to the underworld after gangsters take everything from him."
movie,361743,Top Gun: Maverick,2022,131,Action|Drama,"A veteran pilot trains young aviators for a nearly impossible mission."
movie,98,Gladiator,2000,155,Action|Drama|Adventure,"A betrayed Roman general fights his way through the arena to seek justice."
movie,671,Harry Potter and the Philosopher's Stone,2001,152,Adventure|Fantasy|Family,"An orphan discovers he is a wizard and begins his first year at Hogwarts."
movie,109445,Frozen,2013,102,Animation|Family|Adventure|Fantasy,"A fearless princess sets out to find her sister, whose icy powers have trapped their kingdom in winter."
movie,585,"Monsters, Inc.",2001,92,Animation|Comedy|Family,"Two monsters who scare children for a living have their world turned upside down by a little girl."
movie,10681,WALL·E,2008,98,Animation|Family|Science Fiction,"A lonely trash-collecting robot falls in love and follows her into space."
movie,508947,Turning Red,2022,100,Animation|Family|Comedy|Fantasy,"A confident 13-year-old turns into a giant red panda whenever she gets too excited."
movie,14160,Up,2009,96,Animation|Comedy|Family|Adventure,"A grumpy widower flies his house to South America, with a stowaway scout aboard."
movie,508442,Soul,2020,101,Animation|Family|Comedy|Fantasy,"A music teacher's soul gets separated from his body just before his big break."
movie,8587,The Lion King,1994,89,Animation|Family|Drama,"A young lion prince must reclaim his place after his father's death."
movie,10020,Beauty and the Beast,1991,84,Animation|Family|Fantasy|Romance|Music,"A bookish young woman is held in a castle by a cursed prince."
movie,2493,The Princess Bride,1987,98,Adventure|Family|Fantasy|Comedy|Romance,"A farmhand turned pirate fights to rescue his true love in a storybook adventure."
movie,1124,The Prestige,2006,130,Drama|Mystery|Science Fiction,"Two rival magicians become obsessed with creating the ultimate illusion."
movie,210577,Gone Girl,2014,149,Mystery|Thriller|Drama,"When his wife disappears, a husband becomes the prime suspect in a media frenzy."
movie,77338,The Intouchables,2011,113,Drama|Comedy,"A wealthy quadriplegic and his unlikely caregiver form a life-changing friendship."
movie,637,Life Is Beautiful,1997,116,Comedy|Drama,"A father uses humor to protect his son from the horrors of a concentration camp."
movie,372058,Your Name.,2016,106,Animation|Romance|Drama,"Two teenagers in different parts of Japan mysteriously begin swapping bodies."
movie,4935,Howl's Moving Castle,2004,119,Animation|Fantasy|Adventure,"A young woman cursed into old age finds refuge in a wizard's walking castle."
movie,391713,Lady Bird,2017,94,Comedy|Drama,"A strong-willed teenager navigates her final year of high school and her relationship with her mother."
movie,530915,1917,2019,119,War|Drama|History,"Two young soldiers race across enemy territory to deliver a message that could save 1,600 lives."
movie,1422,The Departed,2006,151,Drama|Thriller|Crime,"An undercover cop and a mole in the police race to expose each other in Boston."
movie,264660,Ex Machina,2015,108,Drama|Science Fiction,"A programmer is invited to test whether a humanlike robot is truly conscious."
movie,286217,The Martian,2015,141,Drama|Adventure|Science Fiction,"An astronaut stranded on Mars uses science and humor to survive until rescue."
movie,329865,Arrival,2016,116,Drama|Science Fiction|Mystery,"A linguist is recruited to communicate with mysterious visitors from space."
movie,244786,Whiplash,2014,107,Drama|Music,"A young drummer is pushed to his limits by a ruthless music instructor."
movie,37799,The Social Network,2010,120,Drama,"The founding of Facebook sparks lawsuits and broken friendships."
movie,381284,Hidden Figures,2016,127,Drama|History,"Three Black women mathematicians at NASA help launch the space race."
movie,331482,Little Women,2019,135,Drama|Romance,"Four sisters come of age in Civil War-era Massachusetts, each on her own path."
movie,346648,Paddington 2,2017,104,Adventure|Comedy|Family,"A polite bear is framed for stealing a pop-up book and lands in prison."
movie,10625,Mean Girls,2004,97,Comedy,"A new student is pulled into the social politics of a powerful high school clique."
movie,8835,Legally Blonde,2001,96,Comedy|Romance,"A fashion-loving sorority president follows her ex to Harvard Law and surprises everyone."
movie,11036,The Notebook,2004,123,Romance|Drama,"An elderly man reads a love story from a faded notebook to a woman in a care home."
movie,9603,Clueless,1995,97,Comedy|Romance,"A popular Beverly Hills teen plays matchmaker and learns a few lessons of her own."
movie,515042,Free Solo,2018,100,Documentary,"Climber Alex Honnold attempts to scale El Capitan without ropes."
movie,682110,My Octopus Teacher,2020,85,Documentary,"A filmmaker forms an extraordinary bond with an octopus in a South African kelp forest."
tv,1396,Breaking Bad,2008,47,Drama|Crime|Thriller,"A chemistry teacher with a terminal diagnosis turns to making meth to secure his family's future."
tv,60059,Better Call Saul,2015,48,Crime|Drama,"A small-time lawyer slowly transforms into the morally flexible Saul Goodman."
tv,1399,Game of Thrones,2011,60,Fantasy|Drama|Adventure|Action,"Noble families fight for control of the Iron Throne while an ancient threat returns."
tv,66732,Stranger Things,2016,55,Drama|Fantasy|Science Fiction|Mystery|Horror,"Kids in a small Indiana town uncover secret experiments and a terrifying other world."
tv,1668,Friends,1994,22,Comedy|Romance,"Six friends navigate life, love, and careers in New York City."
tv,2316,The Office,2005,22,Comedy,"A mockumentary about the daily lives of employees at a paper company."
tv,8592,Parks and Recreation,2009,22,Comedy,"An optimistic parks department official tries to improve her small Indiana town."
tv,48891,Brooklyn Nine-Nine,2013,22,Comedy|Crime,"A talented but immature detective and his squad work under a strict new captain."
tv,66573,The Good Place,2016,25,Comedy|Fantasy,"A woman wakes up in the afterlife and realizes she was sent there by mistake."
tv,61662,Schitt's Creek,2015,22,Comedy,"A wealthy family loses everything and must live in a tiny town they once bought as a joke."
tv,97546,Ted Lasso,2020,35,Comedy|Drama,"An American football coach with endless optimism is hired to manage an English soccer team."
tv,136315,The Bear,2022,30,Comedy|Drama,"A fine-dining chef returns home to run his family's chaotic sandwich shop."
tv,100088,The Last of Us,2023,55,Drama|Action|Adventure|Science Fiction|Horror,"A hardened survivor escorts a teenage girl across a post-apocalyptic America."
tv,95396,Severance,2022,50,Drama|Mystery|Science Fiction|Thriller,"Office workers have their work memories surgically separated from their personal lives."
tv,76331,Succession,2018,60,Drama|Comedy,"The children of a media mogul fight for control of the family company."
tv,87108,Chernobyl,2019,65,Drama|History,"A dramatization of the 1986 nuclear disaster and the people who tried to contain it."
tv,94605,Arcane,2021,40,Animation|Action|Adventure|Fantasy|Science Fiction|Drama,"Two sisters end up on opposite sides of a conflict between a wealthy city and its undercity."
tv,246,Avatar: The Last Airbender,2005,24,Animation|Action|Adventure|Fantasy|Family|Comedy,"A young monk who can control all four elements must end a century-long war."
tv,82856,The Mandalorian,2019,38,Science Fiction|Action|Adventure|Drama,"A lone bounty hunter protects a mysterious child in the outer reaches of the galaxy."
tv,67070,Fleabag,2016,27,Comedy|Drama,"A witty, grieving woman navigates life and love in London while talking to the audience."
tv,65494,The Crown,2016,55,Drama|History,"The reign of Queen Elizabeth II from her early years through modern times."
tv,91239,Bridgerton,2020,60,Drama|Romance,"The eight siblings of a powerful family look for love in Regency-era London high society."
tv,93405,Squid Game,2021,55,Action|Mystery|Drama|Thriller,"Hundreds of people in debt compete in deadly children's games for a huge cash prize."
tv,119051,Wednesday,2022,50,Comedy|Mystery|Fantasy|Horror,"Wednesday Addams investigates a string of murders at her new boarding school."
tv,125935,Abbott Elementary,2021,22,Comedy,"A group of dedicated teachers make the best of an underfunded Philadelphia public school."
tv,107113,Only Murders in the Building,2021,32,Comedy|Mystery|Crime,"Three neighbors who love true-crime podcasts investigate a death in their building."
tv,61222,BoJack Horseman,2014,25,Animation|Comedy|Drama,"A washed-up sitcom horse tries to reclaim his fame and figure out his life."
tv,1418,The Big Bang Theory,2007,22,Comedy|Romance,"Brilliant but socially awkward physicists befriend their new neighbor."
tv,1100,How I Met Your Mother,2005,22,Comedy|Romance,"A father tells his kids the long story of how he met their mother."
tv,456,The Simpsons,1989,22,Animation|Comedy|Family,"The misadventures of a working-class family in the town of Springfield."
tv,1416,Grey's Anatomy,2005,43,Drama|Romance,"Surgical interns and doctors balance life-or-death cases with their personal lives."
tv,71912,The Witcher,2019,60,Drama|Fantasy|Action|Adventure,"A monster hunter's destiny becomes tied to a powerful sorceress and a young princess."
tv,70523,Dark,2017,55,Crime|Drama|Mystery|Science Fiction|Thriller,"A child's disappearance exposes secrets spanning four generations and time itself."
tv,19885,Sherlock,2010,88,Crime|Drama|Mystery,"A modern-day Sherlock Holmes solves baffling cases with Dr. John Watson."
tv,84958,Loki,2021,50,Drama|Science Fiction|Fantasy|Adventure,"The god of mischief is arrested by a time-policing agency and must help repair the timeline."
